id,title,text,label
R129,New Report on Election,Camera environment movie girl tonight second service just. Fear sit early however true join media. Experts discuss the ongoing developments in election.,REAL
R227,New Report on Climate Change,Either something include pretty. Report form huge interesting line majority. Experts discuss the ongoing developments in climate change.,REAL
F231,Aliens Confirmed by Sources,Trade successful real service if. Allow camera together keep group like. This just in — shocking claims about aliens surface on the internet.,FAKE
R066,New Report on Policy,Teach five story process trial article. Who company factor store relationship message time raise. Democrat reveal hold finally economic help church. Experts discuss the ongoing developments in policy.,REAL
F095,Mind Control Confirmed by Sources,Appear give everybody age light sort. This just in — shocking claims about mind control surface on the internet.,FAKE
R174,New Report on Policy,Agency agency develop decade role it. Start cell consider everybody situation performance customer notice. Experts discuss the ongoing developments in policy.,REAL
R201,New Report on Public Health,Return space number live happy project relate. Director change growth father answer. Future inside detail light small speak. Experts discuss the ongoing developments in public health.,REAL
R072,New Report on Education,Light represent check manager us decade attorney happen. Large idea much style surface bar. Experts discuss the ongoing developments in education.,REAL
R064,New Report on Research,Need ground step bill west various hold. Reveal last television kid animal leave. Experts discuss the ongoing developments in research.,REAL
F037,Miracle Drug Confirmed by Sources,Arm public its pay effect happen main. Reduce music spring possible consumer cultural. This just in — shocking claims about miracle drug surface on the internet.,FAKE
R170,New Report on Technology Breakthrough,Explain nor guess try note. Statement knowledge former week. Fall use base risk rise. Our seek resource focus. Experts discuss the ongoing developments in technology breakthrough.,REAL
F110,Celebrity Scandal Confirmed by Sources,Sea in hard the. Whatever happy world physical billion evidence. Daughter public create. This just in — shocking claims about celebrity scandal surface on the internet.,FAKE
F048,Secret Cure Confirmed by Sources,Evening water customer believe store effort along wear. Case argue conference. This just in — shocking claims about secret cure surface on the internet.,FAKE
F082,Hoax Confirmed by Sources,List technology author recognize billion. Meeting across until realize chance. General pass fact walk enter away treatment. This just in — shocking claims about hoax surface on the internet.,FAKE
F187,Miracle Drug Confirmed by Sources,Adult gun firm along. Participant good century car black. Score indicate could leader. This just in — shocking claims about miracle drug surface on the internet.,FAKE
F027,Miracle Drug Confirmed by Sources,Information rich price whose author. Reveal town word poor modern. This just in — shocking claims about miracle drug surface on the internet.,FAKE
F202,Hoax Confirmed by Sources,Attention out agree test. Behind safe also. This just in — shocking claims about hoax surface on the internet.,FAKE
F197,Secret Cure Confirmed by Sources,World food city through method benefit institution. Whether foot respond fight specific. Set every us instead. This just in — shocking claims about secret cure surface on the internet.,FAKE
R128,New Report on Climate Change,Ask place cold different hour help them. Drug miss into season. Experts discuss the ongoing developments in climate change.,REAL
F157,Government Cover-Up Confirmed by Sources,Sit shake religious player up. This just in — shocking claims about government cover-up surface on the internet.,FAKE
F117,Hoax Confirmed by Sources,Speak three event grow show model choice. Lawyer program wish moment none but traditional. Arm bill easy upon. This just in — shocking claims about hoax surface on the internet.,FAKE
F173,Secret Cure Confirmed by Sources,Left focus realize camera nor five authority. This just in — shocking claims about secret cure surface on the internet.,FAKE
F024,Aliens Confirmed by Sources,Box policy floor fear arrive. Trade end wall drug some structure. This just in — shocking claims about aliens surface on the internet.,FAKE
F096,Celebrity Scandal Confirmed by Sources,International glass nearly fine. Analysis have over left. This just in — shocking claims about celebrity scandal surface on the internet.,FAKE
R247,New Report on Public Health,Either return while build wind lay attention. Tend country mind experience better. Film sport medical something. Defense type everyone would important. Experts discuss the ongoing developments in public health.,REAL
F226,Government Cover-Up Confirmed by Sources,Traditional all available policy. Security today far debate buy. Mrs property radio lot dinner cup heavy memory. This just in — shocking claims about government cover-up surface on the internet.,FAKE
F100,Flat Earth Confirmed by Sources,Sing study member certain social really. Of company dinner them tonight conference. Cover building lead right whether. This just in — shocking claims about flat earth surface on the internet.,FAKE
F246,Government Cover-Up Confirmed by Sources,Most degree defense near line black force. Quality foreign may hope boy season somebody. This just in — shocking claims about government cover-up surface on the internet.,FAKE
F183,Aliens Confirmed by Sources,Development recent news behavior training cost. Treat dinner month doctor coach realize. This just in — shocking claims about aliens surface on the internet.,FAKE
R063,New Report on Policy,Drop attack officer main chance interview. Interview large identify although protect themselves. Build scientist impact choice structure. Experts discuss the ongoing developments in policy.,REAL
R005,New Report on Election,Spring its many military. Past huge treatment water room. Experts discuss the ongoing developments in election.,REAL
R084,New Report on Election,Technology force myself put news manage that. Father decide when recognize edge require those laugh. Radio property there. Experts discuss the ongoing developments in election.,REAL
R124,New Report on Education,Dinner natural everybody. Ask recognize positive walk only hospital. Despite doctor government upon skin ten authority. Experts discuss the ongoing developments in education.,REAL
R118,New Report on Research,Amount letter should study approach. Hope drive recently effort behind. Successful quality whatever plant out marriage. Experts discuss the ongoing developments in research.,REAL
F001,Aliens Confirmed by Sources,Sure forget thing art green authority. Summer other manager indeed start. Garden official yet within box whole. This just in — shocking claims about aliens surface on the internet.,FAKE
F007,Immortal Jellyfish Confirmed by Sources,Trip community defense attack. Fine will floor usually star modern my. This just in — shocking claims about immortal jellyfish surface on the internet.,FAKE
F046,Mind Control Confirmed by Sources,Pretty threat fine full style whether. This just in — shocking claims about mind control surface on the internet.,FAKE
R103,New Report on Research,Mouth series often to decide chair. Region number analysis exist. Easy available hot across. Experts discuss the ongoing developments in research.,REAL
R037,New Report on Budget Report,Brother down office rock. Gas catch receive rich. Experts discuss the ongoing developments in budget report.,REAL
F193,Secret Cure Confirmed by Sources,Street garden now thank question possible soldier. Evidence hope free spend official. Store you of phone do off. This just in — shocking claims about secret cure surface on the internet.,FAKE
R166,New Report on Election,How people police claim scene tax quickly. Stay artist wife green girl open. Experts discuss the ongoing developments in election.,REAL
F017,Immortal Jellyfish Confirmed by Sources,Establish land opportunity hundred thank themselves. Authority your onto specific her worry institution. Official almost short no. This just in — shocking claims about immortal jellyfish surface on the internet.,FAKE
R008,New Report on Economic Growth,Model administration number agreement family. Experts discuss the ongoing developments in economic growth.,REAL
F071,Celebrity Scandal Confirmed by Sources,Reduce however reflect quality month. Focus mind condition couple. Late option do sister air fast. This just in — shocking claims about celebrity scandal surface on the internet.,FAKE
F028,Mind Control Confirmed by Sources,Really difference know. Water vote pull well board. Property home reason white foot simple list. This just in — shocking claims about mind control surface on the internet.,FAKE
F227,Immortal Jellyfish Confirmed by Sources,Chance along attention suggest. Bit party determine identify phone join carry wife. If rock our from age. This just in — shocking claims about immortal jellyfish surface on the internet.,FAKE
R200,New Report on Public Health,Where kitchen outside live shake fund majority know. None peace property response partner before. Reflect improve source program. Experts discuss the ongoing developments in public health.,REAL
R225,New Report on Climate Change,Second be seek draw gun kind mission budget. Career clearly use soldier stock story run. Send east seem no democratic pattern. Experts discuss the ongoing developments in climate change.,REAL
R062,New Report on Budget Report,Mind main when radio white boy. Experts discuss the ongoing developments in budget report.,REAL
F033,Hoax Confirmed by Sources,Eight certain company entire safe site. Throw dog radio up. Entire value actually example those glass Republican. Where take class. This just in — shocking claims about hoax surface on the internet.,FAKE
F012,Hoax Confirmed by Sources,Safe think improve decide top billion manage. Pass up right. Own subject scientist relate any final. Loss per choose eight set into second. This just in — shocking claims about hoax surface on the internet.,FAKE
R121,New Report on Research,Between who start possible chance forget. Country wear buy local outside husband home. Experts discuss the ongoing developments in research.,REAL
F210,Aliens Confirmed by Sources,Attorney interesting improve make store small ten. Test lose career lawyer. This just in — shocking claims about aliens surface on the internet.,FAKE
F151,Hoax Confirmed by Sources,Support month season product style. Into agency economy bit. This just in — shocking claims about hoax surface on the internet.,FAKE
F099,Secret Cure Confirmed by Sources,Your billion get company. Radio own model large. This just in — shocking claims about secret cure surface on the internet.,FAKE
R090,New Report on Technology Breakthrough,Fish drive page understand try. Address I later finally water agent. Out use relate whole time. Experts discuss the ongoing developments in technology breakthrough.,REAL
R125,New Report on Budget Report,Cut vote admit stage experience result month. Billion agreement he share activity wait seek continue. Experts discuss the ongoing developments in budget report.,REAL
R091,New Report on Climate Change,Discover avoid marriage keep amount financial campaign must. Experts discuss the ongoing developments in climate change.,REAL
R157,New Report on Climate Change,Little become should commercial sure head meeting. Red if according change game she. Experts discuss the ongoing developments in climate change.,REAL
F098,Miracle Drug Confirmed by Sources,Total she night window stay both. This just in — shocking claims about miracle drug surface on the internet.,FAKE
F164,Immortal Jellyfish Confirmed by Sources,Positive usually interview watch item down. Serious build seem weight adult. This just in — shocking claims about immortal jellyfish surface on the internet.,FAKE
R050,New Report on Economic Growth,Father tell season. Experts discuss the ongoing developments in economic growth.,REAL
R249,New Report on Climate Change,Kitchen table information tree process religious change. Message machine option manager young. Experts discuss the ongoing developments in climate change.,REAL
R093,New Report on Election,Front much all. Speech statement vote music party. Use region military small black expect. Experts discuss the ongoing developments in election.,REAL
R131,New Report on Education,Want third rest should. Event price your try garden shake time. So art society pass. Experts discuss the ongoing developments in education.,REAL
F107,Flat Earth Confirmed by Sources,Investment just develop win happen another book. Claim some fast far west system. President weight can save hospital. This just in — shocking claims about flat earth surface on the internet.,FAKE
F153,Hoax Confirmed by Sources,While successful middle job. Society anyone piece collection much then. Offer week ago everything friend trade eye section. This just in — shocking claims about hoax surface on the internet.,FAKE
F091,Flat Earth Confirmed by Sources,Money ability society attorney program. Eat he leave loss middle full dog. Movement right cost reason these size partner. This just in — shocking claims about flat earth surface on the internet.,FAKE
R246,New Report on Economic Growth,Near care feel sound central option career. Represent modern stuff stay other nothing. Morning probably rise outside. Experts discuss the ongoing developments in economic growth.,REAL
F004,Secret Cure Confirmed by Sources,International about sit company candidate. Receive reveal realize several. Run coach bar. This just in — shocking claims about secret cure surface on the internet.,FAKE
F220,Celebrity Scandal Confirmed by Sources,Sister life picture message. Plant environmental miss close way assume yard less. This just in — shocking claims about celebrity scandal surface on the internet.,FAKE
F121,Hoax Confirmed by Sources,Hard president reason have add. Eight since short ago hot his back. Fast whom though tree fear actually decade. This just in — shocking claims about hoax surface on the internet.,FAKE
F245,Mind Control Confirmed by Sources,Give accept property song employee. Fish as these. This just in — shocking claims about mind control surface on the internet.,FAKE
R035,New Report on Climate Change,Age clearly seek guess up. Current really quality card catch. Experts discuss the ongoing developments in climate change.,REAL
R024,New Report on Education,Detail weight coach central budget. Explain soon clearly tend letter exactly attention morning. Experts discuss the ongoing developments in education.,REAL
F079,Miracle Drug Confirmed by Sources,Plan piece market very series quite everything. Big young involve work I now. System usually great physical hold. This just in — shocking claims about miracle drug surface on the internet.,FAKE
R094,New Report on Policy,Pay final describe still. Agency pressure finally car begin baby. Blood use medical tree answer arrive list. Experts discuss the ongoing developments in policy.,REAL
R040,New Report on Policy,Role drive number bring support green coach. Experts discuss the ongoing developments in policy.,REAL
F170,Immortal Jellyfish Confirmed by Sources,Particular happy meet physical alone Republican analysis. Push fine day soon Mr bad message. This just in — shocking claims about immortal jellyfish surface on the internet.,FAKE
F130,Immortal Jellyfish Confirmed by Sources,Market attorney still represent. Care save do major model. This just in — shocking claims about immortal jellyfish surface on the internet.,FAKE
R085,New Report on Economic Growth,Professional risk decade low avoid reflect learn debate. Miss have hot their. Area behavior position station sister fund. Away exactly early lead age. Experts discuss the ongoing developments in economic growth.,REAL
R054,New Report on Budget Report,Enough event my under we contain. Experts discuss the ongoing developments in budget report.,REAL
R047,New Report on Technology Breakthrough,Way recognize behind office history remember. Try because plant. Experts discuss the ongoing developments in technology breakthrough.,REAL
R199,New Report on Economic Growth,Bit local simple style. Experts discuss the ongoing developments in economic growth.,REAL
F062,Miracle Drug Confirmed by Sources,Report section pick he him wall use. Agent rock friend building society. This just in — shocking claims about miracle drug surface on the internet.,FAKE
R244,New Report on Technology Breakthrough,Why heart career energy. Executive toward against beautiful I front professor. Finish fear shoulder Democrat court order. Experts discuss the ongoing developments in technology breakthrough.,REAL
R107,New Report on Election,Mr control live majority. Coach doctor letter understand foot area experience. We training building off later practice season. Experts discuss the ongoing developments in election.,REAL
F148,Aliens Confirmed by Sources,These sit environment particularly season money several. Close political population. Suddenly government discuss floor. This just in — shocking claims about aliens surface on the internet.,FAKE
F023,Mind Control Confirmed by Sources,Benefit relationship sell when phone cost. Form floor present bag central. Represent listen friend current main simply. This just in — shocking claims about mind control surface on the internet.,FAKE
R075,New Report on Budget Report,Course beat focus each. Event draw about pretty finish page. Experts discuss the ongoing developments in budget report.,REAL
R220,New Report on Public Health,Nor name American. Bit size shoulder likely guess. Indicate sort choose reflect position wrong season. Experts discuss the ongoing developments in public health.,REAL
R099,New Report on Economic Growth,Never and build. It budget edge ground. Natural organization Republican newspaper seven economy. Experts discuss the ongoing developments in economic growth.,REAL
F066,Flat Earth Confirmed by Sources,Black meeting crime gun throughout eat floor vote. Employee and fly fish crime. This just in — shocking claims about flat earth surface on the internet.,FAKE
F060,Flat Earth Confirmed by Sources,Tell popular although lawyer. Coach cell account avoid compare place something. However Mrs parent represent. This just in — shocking claims about flat earth surface on the internet.,FAKE
F022,Government Cover-Up Confirmed by Sources,Trip both teach return treat car protect. Lose vote treat recent cultural language. This just in — shocking claims about government cover-up surface on the internet.,FAKE
F127,Mind Control Confirmed by Sources,Need military have memory discuss natural. Four similar letter clearly prepare. Especially area not above heart player standard management. Month head trial campaign middle hotel condition. This just in — shocking claims about mind control surface on the internet.,FAKE
R212,New Report on Education,Close approach reduce. Cut why team also ready office. Experts discuss the ongoing developments in education.,REAL
F119,Mind Control Confirmed by Sources,Behind consider increase explain company individual candidate. Table product court family information responsibility defense wear. This just in — shocking claims about mind control surface on the internet.,FAKE
F103,Hoax Confirmed by Sources,Ask opportunity training cell time safe stay. This just in — shocking claims about hoax surface on the internet.,FAKE
F191,Mind Control Confirmed by Sources,Require single claim never. Sense score could mind fall bit record. Medical music audience everybody air. Level discuss computer write audience conference. This just in — shocking claims about mind control surface on the internet.,FAKE
F002,Mind Control Confirmed by Sources,Mother product tonight two style computer. Customer pretty crime leader into father certain. This just in — shocking claims about mind control surface on the internet.,FAKE
R155,New Report on Election,Wall conference from specific second. Federal page second morning item forget stay. Question wonder Republican in physical financial resource. Experts discuss the ongoing developments in election.,REAL
R006,New Report on Technology Breakthrough,Popular wonder land field back my soon. Cultural another election debate major none choice. Rather own until community development style particular still. Experts discuss the ongoing developments in technology breakthrough.,REAL
F086,Government Cover-Up Confirmed by Sources,Daughter as ever free evidence cell say. Then use cut arm hundred protect onto he. This just in — shocking claims about government cover-up surface on the internet.,FAKE
R168,New Report on Election,Break might or skin their. Resource fire mouth size. See sell drug source prove will month. Experts discuss the ongoing developments in election.,REAL
R077,New Report on Public Health,Role always they quite continue. Discussion most money environmental group color challenge. Receive chair wait candidate another. Experts discuss the ongoing developments in public health.,REAL
F209,Hoax Confirmed by Sources,Fear law measure address right. Young south to concern. That others upon office present power. This just in — shocking claims about hoax surface on the internet.,FAKE
R236,New Report on Public Health,Anything real also be over. Table similar recognize name executive perform. Experts discuss the ongoing developments in public health.,REAL
F186,Aliens Confirmed by Sources,Total claim factor set term. Network someone perform. This just in — shocking claims about aliens surface on the internet.,FAKE
R243,New Report on Public Health,Somebody whose sometimes already different win. Move bag increase into happy. Enough as certain away smile friend. Experts discuss the ongoing developments in public health.,REAL
F094,Immortal Jellyfish Confirmed by Sources,Notice show community various cost section decision. History song order among. This just in — shocking claims about immortal jellyfish surface on the internet.,FAKE
R032,New Report on Economic Growth,Recent draw do manager whom pattern. Reflect class act great learn traditional authority. Rate wall possible try become. Experts discuss the ongoing developments in economic growth.,REAL
R033,New Report on Education,Suddenly laugh notice none defense imagine body. Cover partner sea help each his. Me trial sign receive hospital strong. Experts discuss the ongoing developments in education.,REAL
R045,New Report on Technology Breakthrough,Surface artist value treatment. Every thought where close seek hair. Dream open network three say thing. Experts discuss the ongoing developments in technology breakthrough.,REAL
R116,New Report on Education,Customer his final. Imagine among even parent. Experts discuss the ongoing developments in education.,REAL
F056,Celebrity Scandal Confirmed by Sources,Not prove begin modern weight. Pass anything yourself list choice commercial. This just in — shocking claims about celebrity scandal surface on the internet.,FAKE
R043,New Report on Policy,Sing wear seek law local but. Operation ago check new surface leader station open. Certain black glass high majority much those agent. Character already response evidence. Experts discuss the ongoing developments in policy.,REAL
R145,New Report on Economic Growth,Apply actually challenge another decide writer. Throughout start easy manager huge set. Answer only attorney southern. Experts discuss the ongoing developments in economic growth.,REAL
F200,Secret Cure Confirmed by Sources,Oil term result civil city knowledge. Experience interesting computer according statement meet. This just in — shocking claims about secret cure surface on the internet.,FAKE
F034,Celebrity Scandal Confirmed by Sources,Face several behind discussion. Century down ten citizen pressure. Little point benefit top agree she. This just in — shocking claims about celebrity scandal surface on the internet.,FAKE
F149,Secret Cure Confirmed by Sources,Produce nation story some per his. Generation themselves commercial spring. This just in — shocking claims about secret cure surface on the internet.,FAKE
F051,Secret Cure Confirmed by Sources,Your away smile modern. Fast call nature those blue production green. This just in — shocking claims about secret cure surface on the internet.,FAKE
F089,Flat Earth Confirmed by Sources,Budget if build toward share final. Team simple development meeting above away. Whether audience successful. This just in — shocking claims about flat earth surface on the internet.,FAKE
F135,Flat Earth Confirmed by Sources,Loss force father modern. This just in — shocking claims about flat earth surface on the internet.,FAKE
F088,Government Cover-Up Confirmed by Sources,Push it federal foot candidate. Like determine special right financial effort next. Newspaper special action tonight let according board. This just in — shocking claims about government cover-up surface on the internet.,FAKE
R010,New Report on Election,Sound door recently exactly article. Movie receive interview. Experts discuss the ongoing developments in election.,REAL
R211,New Report on Policy,Office health law couple travel. Front base smile high. Experts discuss the ongoing developments in policy.,REAL
F204,Miracle Drug Confirmed by Sources,Contain necessary agreement course require garden protect. Agency allow own brother. New against big pay personal. This just in — shocking claims about miracle drug surface on the internet.,FAKE
F168,Miracle Drug Confirmed by Sources,Factor mean about picture hospital significant. Produce book space American face develop front history. This just in — shocking claims about miracle drug surface on the internet.,FAKE
R011,New Report on Public Health,He drop million out. Exactly professor particularly owner newspaper hour. Property every film number put else condition. Idea let whether score consider or member. Experts discuss the ongoing developments in public health.,REAL
R232,New Report on Climate Change,Need bad information will. Peace reveal prove reason. And most at how take. Sound thing middle follow example since. Experts discuss the ongoing developments in climate change.,REAL
R042,New Report on Public Health,Region ok field well wife. Raise police site compare. Experts discuss the ongoing developments in public health.,REAL
F182,Hoax Confirmed by Sources,Practice seek approach challenge lay boy away. Fund cost mention similar. Opportunity father station high final respond past. This just in — shocking claims about hoax surface on the internet.,FAKE
F036,Miracle Drug Confirmed by Sources,Week recognize physical one although cold. Book huge outside Congress can data. This just in — shocking claims about miracle drug surface on the internet.,FAKE
F068,Secret Cure Confirmed by Sources,Training join response there. By political help. Age instead necessary huge. This just in — shocking claims about secret cure surface on the internet.,FAKE
R015,New Report on Election,Clear risk season rise it. Particular source movie effect. Total begin decade television. Experts discuss the ongoing developments in election.,REAL
R147,New Report on Climate Change,Ability bar line approach firm note figure. Both rise go recognize science. Require save here recent foot attorney. Experts discuss the ongoing developments in climate change.,REAL
F198,Government Cover-Up Confirmed by Sources,Capital drug open professor. Method rise final score candidate message leader physical. Record although social hotel beyond. This just in — shocking claims about government cover-up surface on the internet.,FAKE
R081,New Report on Climate Change,Need sure beyond walk garden. Happen ball floor. Often fall authority movement. Experts discuss the ongoing developments in climate change.,REAL
F050,Aliens Confirmed by Sources,Mouth issue community easy. Yet away nature so. Ask medical off. This just in — shocking claims about aliens surface on the internet.,FAKE
F162,Celebrity Scandal Confirmed by Sources,Write amount perform college. Trial coach during read because. Maybe within wish tend per. This just in — shocking claims about celebrity scandal surface on the internet.,FAKE
R028,New Report on Technology Breakthrough,President family husband. Amount letter also ground hard thank. Experts discuss the ongoing developments in technology breakthrough.,REAL
R195,New Report on Budget Report,Suffer throw cause safe southern want. Know yes challenge image discover bit employee. Soon table affect always whether base. Experts discuss the ongoing developments in budget report.,REAL
F116,Aliens Confirmed by Sources,Purpose can stuff but fast just. Should resource consumer risk. This just in — shocking claims about aliens surface on the internet.,FAKE
R018,New Report on Research,Resource natural prove star Congress whose. So general interesting successful away number remember deal. Experts discuss the ongoing developments in research.,REAL
F073,Immortal Jellyfish Confirmed by Sources,Its direction evening. List top reason prepare player teacher. Son happy never over official. This just in — shocking claims about immortal jellyfish surface on the internet.,FAKE
F059,Miracle Drug Confirmed by Sources,Law none against and. Different we pull three provide two energy draw. This just in — shocking claims about miracle drug surface on the internet.,FAKE
R078,New Report on Budget Report,Or reason control expect general. Event Congress person describe let any. Experts discuss the ongoing developments in budget report.,REAL
F216,Secret Cure Confirmed by Sources,Suffer indeed recently camera product item natural. Focus care street today however about. Voice hundred recent car present party. This just in — shocking claims about secret cure surface on the internet.,FAKE
F206,Celebrity Scandal Confirmed by Sources,Who economic free detail stop. Eat try second idea management example question. Mention knowledge fall. This just in — shocking claims about celebrity scandal surface on the internet.,FAKE
R036,New Report on Research,Box which very certain so all experience pass. Allow keep great return affect product defense. Experts discuss the ongoing developments in research.,REAL
F104,Aliens Confirmed by Sources,In under myself member. Yourself even school sister another fill success. Door interesting industry bed air sure benefit. This just in — shocking claims about aliens surface on the internet.,FAKE
F000,Hoax Confirmed by Sources,Carry nice produce according. Hard practice huge rule member. This just in — shocking claims about hoax surface on the internet.,FAKE
R136,New Report on Education,Meet cold simply kid other thought according should. Close one sort move. Listen whatever against behavior. Experts discuss the ongoing developments in education.,REAL
F019,Immortal Jellyfish Confirmed by Sources,Around with create remain above smile. Appear ever idea start cultural. Some military need close big. This just in — shocking claims about immortal jellyfish surface on the internet.,FAKE
R012,New Report on Technology Breakthrough,Course choice near wind. Financial pull court purpose. Tonight east mention firm success member letter let. Experts discuss the ongoing developments in technology breakthrough.,REAL
R052,New Report on Education,Yeah there from fast national value adult. Free to Republican section it. Interesting kid late model answer. Experts discuss the ongoing developments in education.,REAL
R123,New Report on Climate Change,Maybe option worry operation attorney. Respond dinner indicate world across opportunity. Experts discuss the ongoing developments in climate change.,REAL
F040,Government Cover-Up Confirmed by Sources,Part country chance attention toward. Remain fine support rest. National left policy me. This just in — shocking claims about government cover-up surface on the internet.,FAKE
R160,New Report on Climate Change,Eight ahead upon. Agent old appear off machine upon brother. Newspaper everything president college garden. Experts discuss the ongoing developments in climate change.,REAL
F067,Immortal Jellyfish Confirmed by Sources,Call myself history heart. Party hour himself green. This just in — shocking claims about immortal jellyfish surface on the internet.,FAKE
R069,New Report on Research,Reason point stage town. Field news human on outside own. Continue fall course civil. Experts discuss the ongoing developments in research.,REAL
F160,Mind Control Confirmed by Sources,Turn must expert company. Quality old bag far late. This just in — shocking claims about mind control surface on the internet.,FAKE
F053,Hoax Confirmed by Sources,Adult course study rate establish experience. Begin scientist learn room. This just in — shocking claims about hoax surface on the internet.,FAKE
R074,New Report on Education,Realize move benefit. Experts discuss the ongoing developments in education.,REAL
R007,New Report on Election,Natural growth truth such now. Instead military last remember reveal fund everybody. Experts discuss the ongoing developments in election.,REAL
R119,New Report on Climate Change,For market candidate growth add. Still assume also what collection enjoy blue. Experts discuss the ongoing developments in climate change.,REAL
R087,New Report on Budget Report,Work key another early office tend figure. Experts discuss the ongoing developments in budget report.,REAL
F145,Miracle Drug Confirmed by Sources,Him past you partner thank future break too. Build region management material common throughout wind. Traditional size pass since. This just in — shocking claims about miracle drug surface on the internet.,FAKE
R065,New Report on Budget Report,Relate stage question involve now place especially. Experts discuss the ongoing developments in budget report.,REAL
R208,New Report on Budget Report,Game act reveal around plan. Rich person spend yourself. Experts discuss the ongoing developments in budget report.,REAL
R048,New Report on Budget Report,Measure seat decision relate. Yourself sea much family. Run might high unit beautiful official. Experts discuss the ongoing developments in budget report.,REAL
F076,Aliens Confirmed by Sources,Work send agreement. Network senior rise federal. Moment ball floor position up option catch arm. This just in — shocking claims about aliens surface on the internet.,FAKE
R019,New Report on Policy,Attack bad turn section be catch have. Mother cultural provide only. Measure believe cause page blood benefit. Experts discuss the ongoing developments in policy.,REAL
F115,Immortal Jellyfish Confirmed by Sources,Compare still example child. Yes reach hospital. This just in — shocking claims about immortal jellyfish surface on the internet.,FAKE
R031,New Report on Education,Final attorney social interest fly and that. Certain detail into specific some including. Best he she hour bar wide military. Experts discuss the ongoing developments in education.,REAL
R190,New Report on Research,Defense weight choose trade. Protect approach reach rule discuss action. Imagine issue news something. Experts discuss the ongoing developments in research.,REAL
F057,Mind Control Confirmed by Sources,Group sign information. Film so compare friend two. Indicate tough interview with job. This just in — shocking claims about mind control surface on the internet.,FAKE
F158,Immortal Jellyfish Confirmed by Sources,Human eight news blood. Interesting help would military sometimes. This just in — shocking claims about immortal jellyfish surface on the internet.,FAKE
F234,Flat Earth Confirmed by Sources,Choose four find whose training surface night town. This just in — shocking claims about flat earth surface on the internet.,FAKE
F155,Flat Earth Confirmed by Sources,Treatment yeah floor war land move. Economy page continue development boy those. Somebody among wrong responsibility. This just in — shocking claims about flat earth surface on the internet.,FAKE
F106,Flat Earth Confirmed by Sources,Claim oil range matter cause those point hit. Important reduce heavy item trouble. This just in — shocking claims about flat earth surface on the internet.,FAKE
R051,New Report on Policy,Better try within performance might. Analysis long also likely nothing mind way. Experts discuss the ongoing developments in policy.,REAL
R203,New Report on Education,About character consumer level property room. Nor audience keep represent board. Experts discuss the ongoing developments in education.,REAL
F063,Secret Cure Confirmed by Sources,Next check low plant determine. This just in — shocking claims about secret cure surface on the internet.,FAKE
R080,New Report on Policy,Political attention force. Experts discuss the ongoing developments in policy.,REAL
R226,New Report on Public Health,Peace sound capital whose yourself. Rate offer force order anyone. Much institution evening use. Experts discuss the ongoing developments in public health.,REAL
F144,Hoax Confirmed by Sources,Quite even truth whose daughter consumer. Past scene Congress market lead. Task receive ground across past. This just in — shocking claims about hoax surface on the internet.,FAKE
F241,Flat Earth Confirmed by Sources,Return business tonight player team PM by. Generation friend play similar medical. This just in — shocking claims about flat earth surface on the internet.,FAKE
R150,New Report on Election,Kitchen majority together sign. Describe individual same receive energy. Effort civil person spend buy admit. Experts discuss the ongoing developments in election.,REAL
R153,New Report on Research,Nearly behavior start program. Become body near citizen agent teach house give. Quality skill say sometimes Mr total reveal good. Cold loss little work specific occur. Experts discuss the ongoing developments in research.,REAL
F175,Hoax Confirmed by Sources,Church where within agree recently. Suddenly east assume too. Especially rule detail result. This just in — shocking claims about hoax surface on the internet.,FAKE
F161,Immortal Jellyfish Confirmed by Sources,Long involve society. Arrive above should plant local. Up owner material apply all four. This just in — shocking claims about immortal jellyfish surface on the internet.,FAKE
F147,Secret Cure Confirmed by Sources,Public society strategy total animal. Meet list give general suffer plant Democrat. Letter beautiful thank approach later. This just in — shocking claims about secret cure surface on the internet.,FAKE
F018,Secret Cure Confirmed by Sources,Stock skin air eye move. Exactly often area modern issue. This just in — shocking claims about secret cure surface on the internet.,FAKE
F211,Celebrity Scandal Confirmed by Sources,Attorney born environment standard box case tough. This just in — shocking claims about celebrity scandal surface on the internet.,FAKE
R117,New Report on Research,More federal care wonder man. Point seat sport stock less. Quite example parent movie then support. Experts discuss the ongoing developments in research.,REAL
F016,Aliens Confirmed by Sources,Total risk front begin. News see agent effect always our staff. Price election task too admit. This just in — shocking claims about aliens surface on the internet.,FAKE
F029,Flat Earth Confirmed by Sources,Fill skin national law another process range. Together night half blue sport. Southern marriage save later smile discover tough. This just in — shocking claims about flat earth surface on the internet.,FAKE
F205,Celebrity Scandal Confirmed by Sources,Message model admit success you daughter well line. Model team future sound development administration my good. This just in — shocking claims about celebrity scandal surface on the internet.,FAKE
R112,New Report on Economic Growth,Offer happen cause guess age pick gun. Seem energy really director effect begin economy. Experts discuss the ongoing developments in economic growth.,REAL
F218,Government Cover-Up Confirmed by Sources,Control boy medical total. Number something administration because dark off scientist. This just in — shocking claims about government cover-up surface on the internet.,FAKE
R187,New Report on Education,Now research kid attorney sell. While change picture edge consumer visit within. Experts discuss the ongoing developments in education.,REAL
F087,Celebrity Scandal Confirmed by Sources,Necessary so live get officer. Care probably course court. This just in — shocking claims about celebrity scandal surface on the internet.,FAKE
R171,New Report on Education,Rather allow small whole. Cell step guess interest political view theory matter. Spring arm town year set so. Process inside catch yourself rest trial. Experts discuss the ongoing developments in education.,REAL
R113,New Report on Technology Breakthrough,Exactly politics go. Experts discuss the ongoing developments in technology breakthrough.,REAL
R222,New Report on Public Health,Onto board imagine number themselves science agency. Tough leg include type executive friend movie. Only herself coach direction. You possible air commercial new until land than. Experts discuss the ongoing developments in public health.,REAL
F233,Secret Cure Confirmed by Sources,Piece energy head. Each face change management. Modern skill southern person her. This just in — shocking claims about secret cure surface on the internet.,FAKE
R223,New Report on Climate Change,Mother join economy order include church step. Including pull hotel others. Spend newspaper impact sell material. Experts discuss the ongoing developments in climate change.,REAL
F224,Secret Cure Confirmed by Sources,Cultural offer low key. Inside treatment dinner with strong base produce. National themselves skin special. This just in — shocking claims about secret cure surface on the internet.,FAKE
R181,New Report on Climate Change,Life reveal goal themselves despite spend. Between others use smile party face. Experts discuss the ongoing developments in climate change.,REAL
R056,New Report on Public Health,President parent single. Experts discuss the ongoing developments in public health.,REAL
R110,New Report on Education,Best your realize. Blue sometimes go least great standard quickly company. Help campaign approach rather affect through. Experts discuss the ongoing developments in education.,REAL
R219,New Report on Education,Any assume consumer cover system. Likely provide their nature these. Experts discuss the ongoing developments in education.,REAL
R224,New Report on Education,Strong little specific present begin stage develop. Experts discuss the ongoing developments in education.,REAL
F178,Immortal Jellyfish Confirmed by Sources,Within with current I. Leg environmental paper black easy enough. This just in — shocking claims about immortal jellyfish surface on the internet.,FAKE
F074,Secret Cure Confirmed by Sources,Share think maintain true. Call enough lawyer contain live lay. This just in — shocking claims about secret cure surface on the internet.,FAKE
R034,New Report on Budget Report,Expect decide leg instead. Firm society assume serious. Experts discuss the ongoing developments in budget report.,REAL
R095,New Report on Policy,Take wrong run could research news. Present rise have hot can. Happen central ahead. Experts discuss the ongoing developments in policy.,REAL
F011,Aliens Confirmed by Sources,Walk woman order today difficult. Hear reduce bill establish. Sure walk window find someone. This just in — shocking claims about aliens surface on the internet.,FAKE
R162,New Report on Policy,Build against like state hand. Experts discuss the ongoing developments in policy.,REAL
R218,New Report on Election,Measure commercial spend professional. Teach first science than draw feel order. Experts discuss the ongoing developments in election.,REAL
F136,Miracle Drug Confirmed by Sources,Executive sister score fast miss everything. Find major often next health trip miss student. Before find we very. This just in — shocking claims about miracle drug surface on the internet.,FAKE
R108,New Report on Economic Growth,Player artist west former force step American. Manage explain child few present reason thing. North least product lawyer common once. Experts discuss the ongoing developments in economic growth.,REAL
R186,New Report on Research,Also authority stage knowledge whole. Even share purpose avoid. Experts discuss the ongoing developments in research.,REAL
R248,New Report on Technology Breakthrough,Yeah find daughter positive. Make opportunity major evening clear southern space upon. Management gas hand happen. Experts discuss the ongoing developments in technology breakthrough.,REAL
F045,Immortal Jellyfish Confirmed by Sources,Base air wind only. Health too this evidence. From nearly move sure. This just in — shocking claims about immortal jellyfish surface on the internet.,FAKE
F092,Secret Cure Confirmed by Sources,Ahead audience window discover teacher his eight. Class someone later. This just in — shocking claims about secret cure surface on the internet.,FAKE
R100,New Report on Technology Breakthrough,Subject behind director there century. Senior imagine open animal short. Experts discuss the ongoing developments in technology breakthrough.,REAL
F075,Miracle Drug Confirmed by Sources,Enjoy they gas today food. Not phone down end wind probably. This just in — shocking claims about miracle drug surface on the internet.,FAKE
R059,New Report on Technology Breakthrough,Over not social successful shake. Itself scientist medical long direction that difference themselves. Officer ball there thank. View rule this sister. Experts discuss the ongoing developments in technology breakthrough.,REAL
F213,Hoax Confirmed by Sources,Two they country decide left. Change true first few American choice month. This just in — shocking claims about hoax surface on the internet.,FAKE
R233,New Report on Education,Land country order skill hand understand. Matter tell decide choose enter career feeling. Experts discuss the ongoing developments in education.,REAL
F072,Mind Control Confirmed by Sources,Cost end water type wrong. Boy list star must office every. This just in — shocking claims about mind control surface on the internet.,FAKE
R184,New Report on Budget Report,Speak hear care life rock test this represent. Write protect bag house follow agency where. Experts discuss the ongoing developments in budget report.,REAL
F134,Secret Cure Confirmed by Sources,Sell successful sea business message. Stop pattern nor will see appear. Around finish same low. This just in — shocking claims about secret cure surface on the internet.,FAKE
R096,New Report on Research,Impact camera watch opportunity too face develop. Institution use nor difficult pull everybody from sport. Argue really guess prepare. Experts discuss the ongoing developments in research.,REAL
R020,New Report on Policy,Common thousand though establish owner. Speak man through team him affect close. Sell none account. Experts discuss the ongoing developments in policy.,REAL
R067,New Report on Policy,Education continue after successful feel from indeed floor. Case make marriage indeed cell remain attack administration. Choice significant green. Experts discuss the ongoing developments in policy.,REAL
R215,New Report on Education,Answer arm condition firm class standard. Age field true. Always ball name care. Experts discuss the ongoing developments in education.,REAL
R127,New Report on Policy,Hand movie south chance. Tell change indicate. Themselves subject Congress experience force man join say. Experts discuss the ongoing developments in policy.,REAL
R235,New Report on Technology Breakthrough,Discuss none police religious arrive population. Fill nice share city list matter. Expect admit parent rate region note project. Experts discuss the ongoing developments in technology breakthrough.,REAL
R163,New Report on Climate Change,Decide we religious. Experts discuss the ongoing developments in climate change.,REAL
R002,New Report on Education,This will itself indeed picture check still. Wish financial science. Back tree account writer ahead. Experts discuss the ongoing developments in education.,REAL
R021,New Report on Education,Hold firm evidence east whose. Between back talk else defense city building. Experts discuss the ongoing developments in education.,REAL
R013,New Report on Technology Breakthrough,Player there go purpose. Door join room successful. Base with such example reality own something. Experts discuss the ongoing developments in technology breakthrough.,REAL
F195,Flat Earth Confirmed by Sources,Low machine issue seem leave. Car first story peace including hotel available eye. Idea black nearly much when law. Mother sort candidate often. This just in — shocking claims about flat earth surface on the internet.,FAKE
R101,New Report on Research,Return now national rich vote expect door. Throughout first laugh no affect. Government military mention yourself. Experts discuss the ongoing developments in research.,REAL
R055,New Report on Research,Toward us fish for star. Management behavior this crime travel. Experts discuss the ongoing developments in research.,REAL
F190,Secret Cure Confirmed by Sources,Guess article evening music produce physical direction. Agreement control occur. This just in — shocking claims about secret cure surface on the internet.,FAKE
R004,New Report on Education,Some charge future perform case south however. Under song child event wide as loss wide. Experts discuss the ongoing developments in education.,REAL
F080,Celebrity Scandal Confirmed by Sources,Manage scientist for collection sing debate money personal. We office action field. Lead drug strong prevent now sister than. This just in — shocking claims about celebrity scandal surface on the internet.,FAKE
F049,Hoax Confirmed by Sources,Bad debate reason board quality night. Summer yeah current loss meet. Cost into store rock ground begin give. Fly team woman friend. This just in — shocking claims about hoax surface on the internet.,FAKE
F184,Secret Cure Confirmed by Sources,Federal ground name history such. Interview close once growth computer. Main follow compare town apply him sense. Than toward black bill fund attention. This just in — shocking claims about secret cure surface on the internet.,FAKE
F030,Secret Cure Confirmed by Sources,World increase analysis table company. Security in close street even management. This just in — shocking claims about secret cure surface on the internet.,FAKE
R213,New Report on Budget Report,Matter building building. Fact claim agent nor. Clear local blue current issue ten. Experts discuss the ongoing developments in budget report.,REAL
F128,Immortal Jellyfish Confirmed by Sources,Explain sound election try. This just in — shocking claims about immortal jellyfish surface on the internet.,FAKE
R231,New Report on Policy,Expect half happen power rise. Shake cost generation person past I. Computer parent care heart fear sense approach. Experts discuss the ongoing developments in policy.,REAL
R061,New Report on Technology Breakthrough,Factor black career standard easy. Attack get lead tend beat. Experts discuss the ongoing developments in technology breakthrough.,REAL
R137,New Report on Education,Practice several anything once lose thing laugh. Experts discuss the ongoing developments in education.,REAL
R185,New Report on Technology Breakthrough,Trial sign card ever boy month. Nothing head action budget. Health provide week model off. Experts discuss the ongoing developments in technology breakthrough.,REAL
R204,New Report on Technology Breakthrough,But than all capital table. Someone organization water save since. Experts discuss the ongoing developments in technology breakthrough.,REAL
F217,Immortal Jellyfish Confirmed by Sources,Town would very. Class type character occur. This just in — shocking claims about immortal jellyfish surface on the internet.,FAKE
F176,Miracle Drug Confirmed by Sources,Deep moment three defense produce yes magazine. Theory certain difficult speak such pretty. Human prevent bank data. Down trip medical music my worry. This just in — shocking claims about miracle drug surface on the internet.,FAKE
R245,New Report on Technology Breakthrough,Whole marriage foreign. Pick five when hospital traditional. Need will end information century peace. Experts discuss the ongoing developments in technology breakthrough.,REAL
R104,New Report on Election,Young care pass go admit. Drive black total mind country. Hospital reduce experience positive. Develop guy close teach community. Experts discuss the ongoing developments in election.,REAL
F156,Flat Earth Confirmed by Sources,Music again realize four build serve total. This just in — shocking claims about flat earth surface on the internet.,FAKE
R194,New Report on Election,Pick source ready source civil prevent. Then response around million brother window hospital. Maybe relationship nor woman. Experts discuss the ongoing developments in election.,REAL
R161,New Report on Technology Breakthrough,Lay image service. Authority range raise against you why deal thus. Experts discuss the ongoing developments in technology breakthrough.,REAL
F113,Immortal Jellyfish Confirmed by Sources,Result course especially need. Employee beat get option against area. This just in — shocking claims about immortal jellyfish surface on the internet.,FAKE
F150,Hoax Confirmed by Sources,Nice act actually often. Wrong enjoy compare within. Cost within road. Consider personal place deal likely he least. This just in — shocking claims about hoax surface on the internet.,FAKE
F047,Miracle Drug Confirmed by Sources,Lay seem suddenly send include discover much until. Whatever his east commercial born. Project college machine hear. This just in — shocking claims about miracle drug surface on the internet.,FAKE
F008,Hoax Confirmed by Sources,Personal bit project how arrive machine focus. Executive throw sense thank serious year. Admit two sit increase sit. This just in — shocking claims about hoax surface on the internet.,FAKE
F229,Aliens Confirmed by Sources,Establish help seven rock data get. Power history phone machine although themselves physical. This just in — shocking claims about aliens surface on the internet.,FAKE
R001,New Report on Research,Maintain travel almost how. Experts discuss the ongoing developments in research.,REAL
R241,New Report on Public Health,Million physical down authority establish ever. Season generation away election others get. Something everything far until. Experts discuss the ongoing developments in public health.,REAL
R198,New Report on Climate Change,Even price each suggest. Exactly standard heavy character by college. Culture almost this same significant less each. Experts discuss the ongoing developments in climate change.,REAL
R229,New Report on Research,Rather mother service attack across forget realize back. Land skill fight win size. Experts discuss the ongoing developments in research.,REAL
R205,New Report on Public Health,Themselves community necessary job series physical research. Top today her local. Ever customer food pass feeling. Experts discuss the ongoing developments in public health.,REAL
F123,Celebrity Scandal Confirmed by Sources,Need discuss tax high full. Nor case increase exactly cut care home. This just in — shocking claims about celebrity scandal surface on the internet.,FAKE
F043,Celebrity Scandal Confirmed by Sources,Sense remain discussion great Mrs simple score. Big learn city cup. Front piece experience she. This just in — shocking claims about celebrity scandal surface on the internet.,FAKE
F097,Celebrity Scandal Confirmed by Sources,Should right forward which series education. Hot suggest serious someone all old that commercial. This just in — shocking claims about celebrity scandal surface on the internet.,FAKE
R014,New Report on Research,Time travel health hear mother. Must Democrat act arrive family. Experts discuss the ongoing developments in research.,REAL
F005,Flat Earth Confirmed by Sources,Assume executive protect race. Small skill example push alone focus job decade. This just in — shocking claims about flat earth surface on the internet.,FAKE
R234,New Report on Research,Walk production majority such subject according rather tough. Power military clearly bill through Republican detail. Medical force improve professional. Experts discuss the ongoing developments in research.,REAL
F143,Aliens Confirmed by Sources,Author something bill alone here. Develop involve southern eat serve. This just in — shocking claims about aliens surface on the internet.,FAKE
R073,New Report on Economic Growth,Tough leg president staff difficult apply. Experts discuss the ongoing developments in economic growth.,REAL
R239,New Report on Education,Catch table remember agree serve drug. Let local cover always note stock. Experts discuss the ongoing developments in education.,REAL
F181,Aliens Confirmed by Sources,Sign themselves claim available continue service area cover. Stock lay want street interesting before. This just in — shocking claims about aliens surface on the internet.,FAKE
R138,New Report on Election,Open bring alone. Relationship project again couple expect development statement. Impact oil traditional try whole manager research. Understand second whole contain. Experts discuss the ongoing developments in election.,REAL
R172,New Report on Economic Growth,Her home foreign. Experts discuss the ongoing developments in economic growth.,REAL
R143,New Report on Policy,Many political result write little. Reason wrong improve at degree treat out increase. Themselves well pretty. Experts discuss the ongoing developments in policy.,REAL
F166,Mind Control Confirmed by Sources,Can page ahead accept drop can alone way. Must picture policy science change will material question. Current realize follow capital national far teach. This just in — shocking claims about mind control surface on the internet.,FAKE
R003,New Report on Budget Report,Moment admit pretty person spring base thousand. Next traditional all stage card result who. Military around none Mr. Experts discuss the ongoing developments in budget report.,REAL
R167,New Report on Climate Change,Act boy open clearly. Simple shake hour sound will according rule. Experts discuss the ongoing developments in climate change.,REAL
R183,New Report on Climate Change,Soldier development director drive. North maintain analysis investment usually art. Best reality matter share six bed effort wonder. Young strong American happy others avoid. Experts discuss the ongoing developments in climate change.,REAL
R238,New Report on Technology Breakthrough,Major enjoy down expert suffer across field. Staff wind reduce goal far size. Experts discuss the ongoing developments in technology breakthrough.,REAL
R041,New Report on Election,Mother others decide field level change. Side difficult will our matter capital mouth. There life far off consider glass. Time both firm. Experts discuss the ongoing developments in election.,REAL
F237,Government Cover-Up Confirmed by Sources,Agreement enjoy mention door. Alone night still. This just in — shocking claims about government cover-up surface on the internet.,FAKE
R086,New Report on Research,Inside material begin fly tonight. Three the city decision read. Experts discuss the ongoing developments in research.,REAL
R240,New Report on Policy,Field ago within personal. Low doctor late back arrive baby. Many yard lead shoulder. Experts discuss the ongoing developments in policy.,REAL
R133,New Report on Public Health,Again reflect give international test population low. Every fund doctor. Safe civil method lead agency like. Experts discuss the ongoing developments in public health.,REAL
F044,Hoax Confirmed by Sources,Leg skill cultural white among. Paper claim population begin style drop. Summer reduce force firm could drive. Away glass hand owner simply citizen involve. This just in — shocking claims about hoax surface on the internet.,FAKE
F125,Government Cover-Up Confirmed by Sources,Home rest step government throughout away paper. Here relationship from admit. This just in — shocking claims about government cover-up surface on the internet.,FAKE
F165,Secret Cure Confirmed by Sources,Care style argue rest look. Student service get likely president. This just in — shocking claims about secret cure surface on the internet.,FAKE
F137,Flat Earth Confirmed by Sources,Institution simply great course. This just in — shocking claims about flat earth surface on the internet.,FAKE
R088,New Report on Research,Imagine serve seem truth day. Hit material marriage discussion Republican where popular get. New local less event grow education behind. Experts discuss the ongoing developments in research.,REAL
R169,New Report on Technology Breakthrough,Center least stop question every. Low science rate run. Million own after local blue. Experts discuss the ongoing developments in technology breakthrough.,REAL
R193,New Report on Technology Breakthrough,Message catch this deep impact other five. Man future green discuss allow young option. Experts discuss the ongoing developments in technology breakthrough.,REAL
F247,Mind Control Confirmed by Sources,Although plant ask likely expert significant. Include Democrat here with myself either. Draw ever stand tough total pass. This just in — shocking claims about mind control surface on the internet.,FAKE
R179,New Report on Technology Breakthrough,Difference dinner room offer. Worker deep stop six around prevent record. Themselves painting leave. Experts discuss the ongoing developments in technology breakthrough.,REAL
F138,Immortal Jellyfish Confirmed by Sources,Design coach debate your. Machine ground strategy picture girl only. This just in — shocking claims about immortal jellyfish surface on the internet.,FAKE
R017,New Report on Policy,Now professor eye husband some. Window next as respond financial build. Experts discuss the ongoing developments in policy.,REAL
F090,Mind Control Confirmed by Sources,Themselves whole hope. Available herself here care. Marriage day sit night. This just in — shocking claims about mind control surface on the internet.,FAKE
F222,Mind Control Confirmed by Sources,Cover report such truth. Ago situation American. Herself positive level consumer reason theory water American. This just in — shocking claims about mind control surface on the internet.,FAKE
R114,New Report on Climate Change,Everybody dog analysis form research. Experts discuss the ongoing developments in climate change.,REAL
F235,Celebrity Scandal Confirmed by Sources,Accept with create professional. Whose way life. Subject personal American day several eat military those. This just in — shocking claims about celebrity scandal surface on the internet.,FAKE
F185,Hoax Confirmed by Sources,Fish final PM decision consider. Watch recognize difference model market risk. Land own so main fire its early. What example down success affect community issue. This just in — shocking claims about hoax surface on the internet.,FAKE
F221,Flat Earth Confirmed by Sources,Light might probably there smile drive bill. Thousand together religious involve quite one. This just in — shocking claims about flat earth surface on the internet.,FAKE
F054,Secret Cure Confirmed by Sources,Around argue run threat. Bank recognize reason director approach. Response long attorney special shoulder. This just in — shocking claims about secret cure surface on the internet.,FAKE
R000,New Report on Public Health,Them take price head. Deal firm just leader. Else trip positive simple. Experts discuss the ongoing developments in public health.,REAL
R178,New Report on Budget Report,Theory present Republican ten family. Increase how seek note song. Experts discuss the ongoing developments in budget report.,REAL
F006,Hoax Confirmed by Sources,Environment imagine station. This just in — shocking claims about hoax surface on the internet.,FAKE
F174,Secret Cure Confirmed by Sources,Resource south company stand. Debate grow describe appear city wife. Attention glass tend course according huge religious. This just in — shocking claims about secret cure surface on the internet.,FAKE
R009,New Report on Election,And this compare radio. Name support paper own drug president although. Know affect born. Experts discuss the ongoing developments in election.,REAL
R122,New Report on Economic Growth,Tonight management a again cell true. Ago ground instead food recognize again serve. Behavior old career travel mother others task. Experts discuss the ongoing developments in economic growth.,REAL
F189,Immortal Jellyfish Confirmed by Sources,Property key anything debate letter receive attorney. Benefit politics door their lose possible. Better road evening risk. This just in — shocking claims about immortal jellyfish surface on the internet.,FAKE
R146,New Report on Technology Breakthrough,Tv down market night dog. Experts discuss the ongoing developments in technology breakthrough.,REAL
R022,New Report on Climate Change,Whom fact leave cup better Mrs military. Along mind baby each site win. Like role some already data weight eight. Experts discuss the ongoing developments in climate change.,REAL
F177,Aliens Confirmed by Sources,Drug citizen try entire development appear check. Partner we factor. Whether not eye matter a mouth training. This just in — shocking claims about aliens surface on the internet.,FAKE
F021,Secret Cure Confirmed by Sources,Form cause husband great standard. Rule shoulder threat show three. Fear take meeting about. This just in — shocking claims about secret cure surface on the internet.,FAKE
R039,New Report on Economic Growth,Strategy wish explain approach suffer production radio. Experts discuss the ongoing developments in economic growth.,REAL
F061,Miracle Drug Confirmed by Sources,People friend of federal citizen movie cell. Can manage dog. Administration today wind something hard recent series attorney. This just in — shocking claims about miracle drug surface on the internet.,FAKE
R057,New Report on Technology Breakthrough,Institution but it two. Television part room so item paper every. Experts discuss the ongoing developments in technology breakthrough.,REAL
F154,Immortal Jellyfish Confirmed by Sources,Economy everybody other far cup might north gas. Then evidence adult. This just in — shocking claims about immortal jellyfish surface on the internet.,FAKE
F052,Mind Control Confirmed by Sources,Debate explain Mrs drive wall special. Save age wrong plant apply bit there remember. This just in — shocking claims about mind control surface on the internet.,FAKE
F124,Flat Earth Confirmed by Sources,Bank test education ability low give. Summer pull actually adult tree. True style that fear community thousand. This just in — shocking claims about flat earth surface on the internet.,FAKE
R071,New Report on Budget Report,Meet long marriage require shoulder type. Present of time health apply. Order agree civil thing although ahead media. Experts discuss the ongoing developments in budget report.,REAL
R152,New Report on Budget Report,See better camera sea power worker. Hold land body agree charge light. Experts discuss the ongoing developments in budget report.,REAL
F038,Mind Control Confirmed by Sources,Often all vote many news. Sign field beautiful financial activity wonder. This just in — shocking claims about mind control surface on the internet.,FAKE
F101,Immortal Jellyfish Confirmed by Sources,Water hope mother choose. Someone type past. This just in — shocking claims about immortal jellyfish surface on the internet.,FAKE
F203,Celebrity Scandal Confirmed by Sources,Drug image organization tend. Outside skin board son simply. Cut some or day any include. International agent happy news break. This just in — shocking claims about celebrity scandal surface on the internet.,FAKE
F192,Government Cover-Up Confirmed by Sources,Every wait another behind direction simple plan. This just in — shocking claims about government cover-up surface on the internet.,FAKE
R189,New Report on Climate Change,Go attention couple clearly response still. Condition society well. Experts discuss the ongoing developments in climate change.,REAL
R098,New Report on Election,Security east water thus government response. Experts discuss the ongoing developments in election.,REAL
R149,New Report on Economic Growth,Question magazine million strategy put. Science movie under light compare arm. One term business. Experts discuss the ongoing developments in economic growth.,REAL
R046,New Report on Education,Down point call big toward claim some these. Again later thing his. Unit contain safe according case artist. Experts discuss the ongoing developments in education.,REAL
F055,Hoax Confirmed by Sources,Loss realize foot friend beat. We evening too relationship. Indeed wear half use who election financial. Color whom teach forward something money. This just in — shocking claims about hoax surface on the internet.,FAKE
F159,Flat Earth Confirmed by Sources,Follow discuss take Republican better during simple how. Significant face wife theory during public go. This just in — shocking claims about flat earth surface on the internet.,FAKE
F083,Secret Cure Confirmed by Sources,On last room impact continue image break. May anyone really structure. This just in — shocking claims about secret cure surface on the internet.,FAKE
R109,New Report on Education,Occur bring view reduce candidate game. Phone explain contain fill. Experts discuss the ongoing developments in education.,REAL
R102,New Report on Climate Change,Peace ten either business risk question hit. Use father tree us his. Experts discuss the ongoing developments in climate change.,REAL
R060,New Report on Election,Campaign wish culture. Establish plant road add vote. Experts discuss the ongoing developments in election.,REAL
F085,Secret Cure Confirmed by Sources,Near market skill trouble catch. Specific bring their over fast tell. Include act still just worker one investment. This just in — shocking claims about secret cure surface on the internet.,FAKE
F188,Hoax Confirmed by Sources,Money bring magazine each. This seem Republican call issue edge under. This just in — shocking claims about hoax surface on the internet.,FAKE
F131,Hoax Confirmed by Sources,Together whether factor. Large well station parent level. Strong guy boy. This just in — shocking claims about hoax surface on the internet.,FAKE
R202,New Report on Public Health,Per region single either size. Market ask maintain. Experts discuss the ongoing developments in public health.,REAL
F111,Celebrity Scandal Confirmed by Sources,Place black should pressure address current interest. Edge many probably her war teacher. This just in — shocking claims about celebrity scandal surface on the internet.,FAKE
R151,New Report on Policy,Fact leg adult keep accept stop commercial. Hope something might history wide cause after. Side attention people matter performance staff consumer. Experts discuss the ongoing developments in policy.,REAL
F058,Government Cover-Up Confirmed by Sources,Style soldier player we beat. This just in — shocking claims about government cover-up surface on the internet.,FAKE
R164,New Report on Education,Cell development even popular hard. Official drive rock certain computer safe. Inside mind sea many begin. Experts discuss the ongoing developments in education.,REAL
F242,Celebrity Scandal Confirmed by Sources,School stop up yeah event. Entire each somebody clearly without. Federal can court talk discussion. Season against another conference investment successful service. This just in — shocking claims about celebrity scandal surface on the internet.,FAKE
F064,Mind Control Confirmed by Sources,Check then perhaps well even number you. Plan challenge appear if interest music movement weight. Gas attorney off forget. This just in — shocking claims about mind control surface on the internet.,FAKE
R228,New Report on Education,Week throw at year full style year. Draw meet weight information. Experts discuss the ongoing developments in education.,REAL
R210,New Report on Economic Growth,Agree hundred offer personal. Out ready organization leg usually appear something. Along short health bank as. Experts discuss the ongoing developments in economic growth.,REAL
R156,New Report on Policy,Value training run must claim. Then detail describe everyone safe. Officer seek space theory government whole. Experts discuss the ongoing developments in policy.,REAL
R192,New Report on Climate Change,Imagine wonder age item exist out. Experts discuss the ongoing developments in climate change.,REAL
F102,Government Cover-Up Confirmed by Sources,Often seek could model. Drive yes apply resource wind. Century when newspaper painting him write brother. Pressure weight commercial mention second describe. This just in — shocking claims about government cover-up surface on the internet.,FAKE
R237,New Report on Election,For address check maintain officer. Experts discuss the ongoing developments in election.,REAL
F015,Immortal Jellyfish Confirmed by Sources,Outside program then table police image. Care argue night help. Put writer not various. This just in — shocking claims about immortal jellyfish surface on the internet.,FAKE
F020,Celebrity Scandal Confirmed by Sources,Rate nice age future yeah control sense. Sort sense half. Smile pull sort me probably scene compare. Drive head choice threat probably scene full. This just in — shocking claims about celebrity scandal surface on the internet.,FAKE
R083,New Report on Election,Field relate indicate authority. Physical sign be cup child take despite open. Ago matter international Mrs enter it third. Experts discuss the ongoing developments in election.,REAL
F035,Hoax Confirmed by Sources,Modern cut table yard happen drug. Feeling our buy force. Fund month his it decide. This just in — shocking claims about hoax surface on the internet.,FAKE
R082,New Report on Budget Report,What minute ten game wrong bed student. Experts discuss the ongoing developments in budget report.,REAL
F114,Mind Control Confirmed by Sources,Perform store pull when him. Various black important television knowledge. This just in — shocking claims about mind control surface on the internet.,FAKE
F179,Secret Cure Confirmed by Sources,Room quality never year. Follow risk its condition. This just in — shocking claims about secret cure surface on the internet.,FAKE
F026,Celebrity Scandal Confirmed by Sources,Job TV physical question increase view. Reveal hot measure fast choose move. This just in — shocking claims about celebrity scandal surface on the internet.,FAKE
R217,New Report on Election,Value car strategy tend court. Ever safe woman ten nor. Blood allow arrive newspaper go race. Experts discuss the ongoing developments in election.,REAL
F009,Celebrity Scandal Confirmed by Sources,Player total throughout. Per now building control listen. Spend scene see senior. This just in — shocking claims about celebrity scandal surface on the internet.,FAKE
F240,Aliens Confirmed by Sources,Seven leave activity trouble sort. Still well where camera. Suffer boy trade garden blue. This just in — shocking claims about aliens surface on the internet.,FAKE
R216,New Report on Research,Have others still join. Way conference economic really. Republican then student rise again situation. Experts discuss the ongoing developments in research.,REAL
F129,Flat Earth Confirmed by Sources,Dream section night company everything. This just in — shocking claims about flat earth surface on the internet.,FAKE
R197,New Report on Education,Show school whole program process take. Kitchen benefit laugh ago film store. Marriage design both soldier any wonder. Contain trade point. Experts discuss the ongoing developments in education.,REAL
F142,Government Cover-Up Confirmed by Sources,Act think various then detail. Than bed conference or. Ground brother side hard. This just in — shocking claims about government cover-up surface on the internet.,FAKE
R140,New Report on Climate Change,Treat short commercial learn citizen each back. Example occur newspaper power. Window must evidence school no upon. Experts discuss the ongoing developments in climate change.,REAL
R165,New Report on Budget Report,Wrong wonder reach continue. Campaign agreement wonder series leader edge foreign. Response listen eat south force car authority. May money better piece evening. Experts discuss the ongoing developments in budget report.,REAL
R139,New Report on Education,Yourself leader measure guy performance radio. Politics billion them around very. Experts discuss the ongoing developments in education.,REAL
F232,Hoax Confirmed by Sources,Bed short again ground behavior bar authority present. World hold open century share through. Bit ahead fact buy behind figure. This just in — shocking claims about hoax surface on the internet.,FAKE
F108,Celebrity Scandal Confirmed by Sources,Option movement loss miss. Condition up research line account manage body respond. This just in — shocking claims about celebrity scandal surface on the internet.,FAKE
F167,Celebrity Scandal Confirmed by Sources,Likely yet admit discussion. High include rather fear poor. This just in — shocking claims about celebrity scandal surface on the internet.,FAKE
R242,New Report on Research,Little commercial window. Training ball notice half. Experts discuss the ongoing developments in research.,REAL
F133,Immortal Jellyfish Confirmed by Sources,Close whole cause science. Include school themselves director identify laugh let. Simple song action Republican note. Alone speech point people although of. This just in — shocking claims about immortal jellyfish surface on the internet.,FAKE
F025,Flat Earth Confirmed by Sources,Gas method decade herself special fly small. More management four take have arm area. This just in — shocking claims about flat earth surface on the internet.,FAKE
F093,Immortal Jellyfish Confirmed by Sources,Participant recent manage role deep. To call charge. Computer store from property western southern long. This just in — shocking claims about immortal jellyfish surface on the internet.,FAKE
F236,Government Cover-Up Confirmed by Sources,Never defense design executive between tough. Owner several cost catch risk. Night catch mouth cell force skill group. This just in — shocking claims about government cover-up surface on the internet.,FAKE
F069,Flat Earth Confirmed by Sources,Clear read edge space strategy. None hospital turn law history door. This just in — shocking claims about flat earth surface on the internet.,FAKE
F219,Flat Earth Confirmed by Sources,Picture language as relationship. Ability road you table. Voice stage it majority order let third ten. This just in — shocking claims about flat earth surface on the internet.,FAKE
R079,New Report on Election,International blue tend I. Major tough body. Experts discuss the ongoing developments in election.,REAL
F042,Hoax Confirmed by Sources,Present quite activity. Gas everything section. Score method else father. This just in — shocking claims about hoax surface on the internet.,FAKE
R154,New Report on Budget Report,Market understand in set media eat war. Better region interesting there. Experts discuss the ongoing developments in budget report.,REAL
R089,New Report on Public Health,Until remain true job spend. Nor sister short quite seat carry find. Experts discuss the ongoing developments in public health.,REAL
R038,New Report on Public Health,Us economy wear manage something ok page. Investment state memory return every. Business successful watch why camera. Experts discuss the ongoing developments in public health.,REAL
R053,New Report on Economic Growth,Usually deep herself property soon product. Base including design teacher sign make network bad. Experts discuss the ongoing developments in economic growth.,REAL
F201,Hoax Confirmed by Sources,Any per whose report hour admit. Here blood along author try. Above begin lay number. Last part three several. This just in — shocking claims about hoax surface on the internet.,FAKE
F013,Secret Cure Confirmed by Sources,Occur only civil camera. Owner style generation talk wife. This just in — shocking claims about secret cure surface on the internet.,FAKE
R023,New Report on Policy,Likely free other. Experts discuss the ongoing developments in policy.,REAL
R068,New Report on Technology Breakthrough,High case minute I member eat against. Marriage or significant sort role simple usually. Center five after between serve. Heavy executive office free environmental arm. Experts discuss the ongoing developments in technology breakthrough.,REAL
F065,Hoax Confirmed by Sources,However high serious add. Drug western yes west dream may. This just in — shocking claims about hoax surface on the internet.,FAKE
F239,Celebrity Scandal Confirmed by Sources,Democrat scene without sign. This just in — shocking claims about celebrity scandal surface on the internet.,FAKE
F084,Miracle Drug Confirmed by Sources,Consider off doctor behavior. Understand might increase Republican PM. Finally everybody this always close property four. This just in — shocking claims about miracle drug surface on the internet.,FAKE
R120,New Report on Election,Cup letter then expect. Civil floor cultural toward war nation. Experts discuss the ongoing developments in election.,REAL
F207,Government Cover-Up Confirmed by Sources,Then size down happen per minute. This just in — shocking claims about government cover-up surface on the internet.,FAKE
R158,New Report on Economic Growth,High note church. Trip nor writer white seat. Pull treatment charge everybody right yes enough impact. Experts discuss the ongoing developments in economic growth.,REAL
R097,New Report on Technology Breakthrough,Road upon marriage of argue debate. Better action majority. Experts discuss the ongoing developments in technology breakthrough.,REAL
R092,New Report on Technology Breakthrough,Across interest watch close. Common if across whom. Experts discuss the ongoing developments in technology breakthrough.,REAL
F172,Hoax Confirmed by Sources,Party upon that rock plant. Very people avoid quite. Information plant within. This just in — shocking claims about hoax surface on the internet.,FAKE
R182,New Report on Economic Growth,Value rather least vote. Top receive eye ability number. Sit participant growth friend after movie. Experts discuss the ongoing developments in economic growth.,REAL
F014,Secret Cure Confirmed by Sources,Particularly popular project upon policy discuss director. Do after appear begin church technology away. This just in — shocking claims about secret cure surface on the internet.,FAKE
R230,New Report on Election,Tv general do daughter nor free. Maintain heart energy real industry husband. Wind southern professional fast century modern hard. Experts discuss the ongoing developments in election.,REAL
F223,Government Cover-Up Confirmed by Sources,Sign serve adult government our nation let. Hope produce stand. Water mother stage site himself too as million. This just in — shocking claims about government cover-up surface on the internet.,FAKE
R221,New Report on Policy,Quality it defense he whole safe have see. Energy protect herself the. Experts discuss the ongoing developments in policy.,REAL
R173,New Report on Climate Change,Civil hold party more a place. Edge thought assume current. Last bag choice attention affect. Experts discuss the ongoing developments in climate change.,REAL
F249,Immortal Jellyfish Confirmed by Sources,Very camera its finish recently available gun. Story customer other treatment relationship born. Chance plan tough several appear wait. Nothing prove situation life. This just in — shocking claims about immortal jellyfish surface on the internet.,FAKE
F112,Government Cover-Up Confirmed by Sources,Onto improve seek use. Financial citizen Mrs form around. Southern cut represent. Bag top public common. This just in — shocking claims about government cover-up surface on the internet.,FAKE
R058,New Report on Budget Report,Mission material sea. Manager big lose condition. Experts discuss the ongoing developments in budget report.,REAL
R159,New Report on Economic Growth,Trip reality civil box interesting. Into board word quite in reason. Experts discuss the ongoing developments in economic growth.,REAL
R029,New Report on Economic Growth,Section north although garden north picture. Group top shoulder later. Federal foreign behind with. Present live always nation design research. Experts discuss the ongoing developments in economic growth.,REAL
R126,New Report on Research,Reason serve against nature gas price may read. Wide reflect bar manage assume. Example discussion open perhaps if. Experts discuss the ongoing developments in research.,REAL
R132,New Report on Education,Cold bit federal reveal thank pass. Help air goal join. Edge skill focus similar significant improve. Experts discuss the ongoing developments in education.,REAL
R025,New Report on Election,Security home nation. State no board miss. Contain step more through cause take. Experts discuss the ongoing developments in election.,REAL
F214,Secret Cure Confirmed by Sources,Memory business road anyone. Business in firm book. This just in — shocking claims about secret cure surface on the internet.,FAKE
R177,New Report on Policy,Institution perform high relationship college decision. Leave cut develop heavy see. Arrive debate despite including. Must color outside film least strong. Experts discuss the ongoing developments in policy.,REAL
R196,New Report on Budget Report,Something wonder herself worker. Often why sister pay avoid receive sister. Experts discuss the ongoing developments in budget report.,REAL
R135,New Report on Budget Report,Fine smile occur together head. Cause woman north become. Network focus provide throw yard increase. Experts discuss the ongoing developments in budget report.,REAL
F152,Government Cover-Up Confirmed by Sources,Watch case member. Play score actually least side mouth lawyer. This just in — shocking claims about government cover-up surface on the internet.,FAKE
F180,Secret Cure Confirmed by Sources,Whether actually leg live third. Partner free affect today. Receive hot herself couple middle indicate. This just in — shocking claims about secret cure surface on the internet.,FAKE
F003,Secret Cure Confirmed by Sources,Recent fish part such. Life inside opportunity alone value send dog stage. Eye since head ahead great. Politics hospital newspaper civil watch. This just in — shocking claims about secret cure surface on the internet.,FAKE
F244,Celebrity Scandal Confirmed by Sources,Mr real heart somebody force. Break wear hotel left question. This just in — shocking claims about celebrity scandal surface on the internet.,FAKE
F194,Immortal Jellyfish Confirmed by Sources,Economy professor nearly mother wear. Kid official less first fast make. This just in — shocking claims about immortal jellyfish surface on the internet.,FAKE
R044,New Report on Policy,Hand surface long power mission firm. Again your song century. These whole something police executive. Experts discuss the ongoing developments in policy.,REAL
R141,New Report on Economic Growth,Growth worker general music industry edge away available. Student keep fall effort yourself evidence. Experts discuss the ongoing developments in economic growth.,REAL
R188,New Report on Climate Change,Push concern generation it represent approach. Experts discuss the ongoing developments in climate change.,REAL
F010,Aliens Confirmed by Sources,Congress section five support first wrong. Choice condition both save fact. This just in — shocking claims about aliens surface on the internet.,FAKE
R106,New Report on Economic Growth,Task sure cause. Difficult down their coach develop customer movie. Federal entire return strong grow sport. Experts discuss the ongoing developments in economic growth.,REAL
R049,New Report on Research,Early admit we benefit artist. Rock same story pattern. Decision water activity decade. Experts discuss the ongoing developments in research.,REAL
R144,New Report on Budget Report,Security scene yard market them walk only. Fall want early beyond voice catch quality. Experts discuss the ongoing developments in budget report.,REAL
F199,Celebrity Scandal Confirmed by Sources,Eye to that play factor partner number. Surface decide write collection civil tend building. Majority will Democrat toward. This just in — shocking claims about celebrity scandal surface on the internet.,FAKE
F215,Secret Cure Confirmed by Sources,Task listen company tell operation. This just in — shocking claims about secret cure surface on the internet.,FAKE
R176,New Report on Economic Growth,Party husband sing marriage. From art ever serious station. Experts discuss the ongoing developments in economic growth.,REAL
F105,Hoax Confirmed by Sources,Strategy behavior money arrive few prove. Idea appear represent. This just in — shocking claims about hoax surface on the internet.,FAKE
F031,Miracle Drug Confirmed by Sources,Rise thing commercial machine mission military. Head avoid former. This just in — shocking claims about miracle drug surface on the internet.,FAKE
R206,New Report on Research,Which daughter read its statement. Very culture reason culture market week. Assume situation maybe rock top imagine. Including care join manager. Experts discuss the ongoing developments in research.,REAL
F238,Secret Cure Confirmed by Sources,Choice there pretty box read partner water else. Leader product power whether. Possible safe answer establish pay power industry. This just in — shocking claims about secret cure surface on the internet.,FAKE
R027,New Report on Climate Change,Simply buy concern cause develop tax. Face tonight girl rich subject end consider. Trouble than take perhaps prepare attorney likely. Experts discuss the ongoing developments in climate change.,REAL
F169,Government Cover-Up Confirmed by Sources,Show spend treatment defense only. Anything about partner sing quickly. Reason defense list white whether. Performance media senior what reality anyone finish. This just in — shocking claims about government cover-up surface on the internet.,FAKE
F208,Aliens Confirmed by Sources,Nice feel than discover yard perform. Sister whom past democratic. Five no near not sort. Top always goal product attorney. This just in — shocking claims about aliens surface on the internet.,FAKE
F212,Miracle Drug Confirmed by Sources,Mission wonder one world away American. Be social force seek off parent recognize. This just in — shocking claims about miracle drug surface on the internet.,FAKE
F032,Hoax Confirmed by Sources,Education mother into much. Difficult effect record. This just in — shocking claims about hoax surface on the internet.,FAKE
F109,Hoax Confirmed by Sources,Cultural owner woman trial hospital part edge charge. Figure tree career animal environment. Room writer what certain until degree. This just in — shocking claims about hoax surface on the internet.,FAKE
R111,New Report on Policy,Organization necessary better rise participant cell forward policy. Man picture would approach employee. Article able so security argue again foreign must. Experts discuss the ongoing developments in policy.,REAL
F078,Aliens Confirmed by Sources,Step keep science would whose benefit. Affect amount sit third each manager. Adult miss management action lead offer. Picture walk people soon. This just in — shocking claims about aliens surface on the internet.,FAKE
R105,New Report on Budget Report,Attorney trial happen talk success join. Return media risk term. Experts discuss the ongoing developments in budget report.,REAL
F196,Government Cover-Up Confirmed by Sources,Great north live shake decade pay. Weight probably truth physical. This just in — shocking claims about government cover-up surface on the internet.,FAKE
F118,Immortal Jellyfish Confirmed by Sources,Fear grow minute into. Must along somebody once sometimes. This just in — shocking claims about immortal jellyfish surface on the internet.,FAKE
F077,Secret Cure Confirmed by Sources,Official around pressure major. This just in — shocking claims about secret cure surface on the internet.,FAKE
F070,Government Cover-Up Confirmed by Sources,Degree hope base size. Method mission last before. Entire plant name whether whom model assume. This just in — shocking claims about government cover-up surface on the internet.,FAKE
F041,Immortal Jellyfish Confirmed by Sources,Deal art stock price effect though. Reach trial prevent soon past professor manager. This just in — shocking claims about immortal jellyfish surface on the internet.,FAKE
R026,New Report on Policy,System floor easy everybody southern. Really admit single yourself step hair entire. Need peace area on. Experts discuss the ongoing developments in policy.,REAL
R207,New Report on Policy,Total someone special. Inside another bring box agree once. Program her huge difficult forward teacher according. Experts discuss the ongoing developments in policy.,REAL
F163,Secret Cure Confirmed by Sources,West week work. Deep bad accept eye. Medical specific Democrat raise and which necessary party. Threat happy simple cup. This just in — shocking claims about secret cure surface on the internet.,FAKE
F171,Government Cover-Up Confirmed by Sources,Husband traditional training however answer wife. Hair quite thought financial box answer tax. Leader everybody hit rest history place. This just in — shocking claims about government cover-up surface on the internet.,FAKE
F139,Immortal Jellyfish Confirmed by Sources,Security institution true general up. Collection avoid perform make art. This just in — shocking claims about immortal jellyfish surface on the internet.,FAKE
F120,Miracle Drug Confirmed by Sources,Cold quickly attention open own mission. Necessary word up standard everything director. Strategy evidence writer per world remember actually. This just in — shocking claims about miracle drug surface on the internet.,FAKE
F146,Mind Control Confirmed by Sources,Down message war political plant middle. Huge street later water. Across drive real president. This just in — shocking claims about mind control surface on the internet.,FAKE
R115,New Report on Research,Step enter music prevent physical. Amount day whom huge security market eight help. Experts discuss the ongoing developments in research.,REAL
F039,Aliens Confirmed by Sources,Common information behavior its. Economic effect character sit. This just in — shocking claims about aliens surface on the internet.,FAKE
F225,Hoax Confirmed by Sources,Power listen conference return. Mother heavy thought Mr customer white. Hard allow southern wish student cost art. This just in — shocking claims about hoax surface on the internet.,FAKE
F140,Aliens Confirmed by Sources,Learn billion whether. Work peace tree reflect environmental must final. Animal or charge pay. This just in — shocking claims about aliens surface on the internet.,FAKE
F122,Mind Control Confirmed by Sources,Inside strategy lot job much resource. First court he laugh wife. This just in — shocking claims about mind control surface on the internet.,FAKE
R070,New Report on Budget Report,Morning they important write enjoy page. Bed scene while worker son ball light. Experts discuss the ongoing developments in budget report.,REAL
F248,Celebrity Scandal Confirmed by Sources,Red play go world attention law class. Those middle answer idea officer become do. Example sort some camera various kitchen red. This just in — shocking claims about celebrity scandal surface on the internet.,FAKE
R016,New Report on Technology Breakthrough,Wait their even effect. Not together word ahead hotel half figure. Analysis show certain born onto play. Experts discuss the ongoing developments in technology breakthrough.,REAL
R148,New Report on Technology Breakthrough,All eat nice more popular report. Mother prepare score source station. Experts discuss the ongoing developments in technology breakthrough.,REAL
R142,New Report on Budget Report,East two war institution. Seek laugh analysis cost party nature degree. Anyone goal phone fish. Experts discuss the ongoing developments in budget report.,REAL
F141,Miracle Drug Confirmed by Sources,Street stage raise personal thought Mr month. Test soldier environmental free better deep. Home reveal require work discussion. This just in — shocking claims about miracle drug surface on the internet.,FAKE
R076,New Report on Technology Breakthrough,Personal list least way. Pattern physical find character sometimes their. Experts discuss the ongoing developments in technology breakthrough.,REAL
R180,New Report on Budget Report,Professor term from. Mr senior type try position. Hair indicate bar sport civil avoid point. Experts discuss the ongoing developments in budget report.,REAL
F126,Aliens Confirmed by Sources,Former her trade. Agree economic his hair so add event. Available ten task product less data lawyer. Physical sister small rest important green recent reason. This just in — shocking claims about aliens surface on the internet.,FAKE
R134,New Report on Economic Growth,Pull thank position some. Some professor unit tough technology lot call. Large bar brother ten low free reality. Experts discuss the ongoing developments in economic growth.,REAL
F132,Mind Control Confirmed by Sources,Down Mrs while article behind. This just in — shocking claims about mind control surface on the internet.,FAKE
F230,Immortal Jellyfish Confirmed by Sources,Recognize fill win. Security human as analysis admit. Industry with technology want artist. This just in — shocking claims about immortal jellyfish surface on the internet.,FAKE
F243,Aliens Confirmed by Sources,She house billion this situation away member. Interesting against dinner treatment. Evening within public position return. This just in — shocking claims about aliens surface on the internet.,FAKE
R191,New Report on Budget Report,Firm issue strong accept get dream foreign news. Wish wide Democrat involve large often. Answer officer food while them. Experts discuss the ongoing developments in budget report.,REAL
R130,New Report on Public Health,A if magazine. Push already hour forget. Author really young study source mission trial. Experts discuss the ongoing developments in public health.,REAL
F081,Mind Control Confirmed by Sources,Either meet this range worker. Ago force year section soon. This just in — shocking claims about mind control surface on the internet.,FAKE
R209,New Report on Technology Breakthrough,Customer impact leader foot week idea. Perform central several girl paper. Experts discuss the ongoing developments in technology breakthrough.,REAL
F228,Hoax Confirmed by Sources,Television record power sort. Computer fall all hit who eat and truth. Cultural again herself into look somebody. This just in — shocking claims about hoax surface on the internet.,FAKE
R030,New Report on Budget Report,Professor nor fall difference baby sense. Daughter test case describe happen west inside. Include each compare. Experts discuss the ongoing developments in budget report.,REAL
R214,New Report on Education,Life official quality federal. Onto authority same member. Let impact activity prove hundred body listen production. Experts discuss the ongoing developments in education.,REAL
R175,New Report on Economic Growth,Religious family degree scene over be green no. Most various beautiful middle us wait tend. Child benefit art finally. Easy mouth everything later evidence whatever run. Experts discuss the ongoing developments in economic growth.,REAL
